{
  "project_info": {
    "project_number": "976934175651",
    "firebase_url": "https://test-30403.firebaseio.com",
    "project_id": "test-30403",
    "storage_bucket": "test-30403.appspot.com"
  },
  "client": [
    {
      "client_info": {
        "mobilesdk_app_id": "1:976934175651:android:13c3c6a65bcbec53",
        "android_client_info": {
          "package_name": "com.example.myapplication"
        }
      },
      "oauth_client": [
        {
          "client_id": "976934175651-k6j1prbhqmdk5p348dimdlrcp3cquuhj.apps.googleusercontent.com",
          "client_type": 1,
          "android_info": {
            "package_name": "com.example.myapplication",
            "certificate_hash": "78ae6e8e5243e3382de3f934e4fddef04c7d7061"
          }
        },
        {
          "client_id": "976934175651-1tdmcfb0rd1mnmi85h7a5g10024pjc4k.apps.googleusercontent.com",
          "client_type": 3
        }
      ],
      "api_key": [
        {
          "current_key": "AIzaSyD0ZTI6_05fEwFLqjlrAfTjNTMYGA09aYo"
        }
      ],
      "services": {
        "appinvite_service": {
          "other_platform_oauth_client": [
            {
              "client_id": "976934175651-1tdmcfb0rd1mnmi85h7a5g10024pjc4k.apps.googleusercontent.com",
              "client_type": 3
            }
          ]
        }
      }
    }
  ],
  "configuration_version": "1"
}